{
  "Total": {
    "transaction": "Total",
    "sampleCount": 1200,
    "errorCount": 0,
    "meanResTime": 6930.400833333335,
    "minResTime": 463.0,
    "maxResTime": 11727.0,
    "throughput": 17.381311338064386
  }
}